id, data-fdesc, data-name, data-address, data-access, data-telno, data-operationtime, data-holiday, data-latitude data-longitude
"id_shop_00f4cb833487484edafae72b2cb0c22d","00f4cb833487484edafae72b2cb0c22d","群馬レジャーランド藤岡店","藤岡市中2002-1","県道13号沿い、上信越道藤岡IC北 カーオプション店『ピット100』2階","0274-40-2371","一部24時間営業","","36.27426745 139.0718857"
"id_shop_0a3c49950ac548d89ee722117950b29f","0a3c49950ac548d89ee722117950b29f","アミューズメントスペースコミ丸四日市店","四日市市鵜の森1-3-19","","0748-72-7848","","","34.96631 136.61633"
"id_shop_0bc8c52e29847fbfdfc8e79db45225f2","0bc8c52e29847fbfdfc8e79db45225f2","Hey(タイトー)","千代田区外神田1-10-5広瀬本社ビル2F","JR秋葉原駅電気街口を出て徒歩2分","03-5209-2030","10:00～24:00","無し","35.698992 139.77108"
"id_shop_0d07008fb48b3776bfa875605ff0b1b4","0d07008fb48b3776bfa875605ff0b1b4","遊道楽 嘉瀬店","佐賀市嘉瀬町大字中原2488-1","207号線沿い","0952-40-0952","11:00～24:00","無し","33.24215325 130.2565663"
"id_shop_0dfe721d1face3fc46cc434f979c96ff","0dfe721d1face3fc46cc434f979c96ff","ラウンドワン吉祥寺店","武蔵野市吉祥寺本町1-11-22","","0422-29-1051","10:00～翌0:50","無し","35.706276 139.580884"
"id_shop_0e2685d9f1b94ebaa4910e5b0f387886","0e2685d9f1b94ebaa4910e5b0f387886","フリスポ","筑西市神分472","国道50号を下館から小山方面へ10分","0296-22-7552","","",""
"id_shop_11f7f999a56b6eca7b46fcefd30b3678","11f7f999a56b6eca7b46fcefd30b3678","アミューズメントパークMG伊予三島店","四国中央市中之庄町汐汲道75-1","","0896-72-7177","","",""
"id_shop_14199ee45a17698ba623dd6e5dc6fd78","14199ee45a17698ba623dd6e5dc6fd78","アピナ鶴岡店","鶴岡市文下字広野1-1","","0235-29-1141","","","38.75839782 139.8439993"
"id_shop_1546b85f534efb58ffb46d508053ea90","1546b85f534efb58ffb46d508053ea90","ラウンドワン千日前店","大阪市中央区難波1-3-1","","06-4708-2600","10:00～24:00","無し","34.667424 135.5026714"
"id_shop_1af0afa210de42c1ecbd11ee32df6c65","1af0afa210de42c1ecbd11ee32df6c65","AMジャムジャム神栖店","神栖市神栖1-8-1","東関東自動車道:潮来I.Cから約10分","0299-90-0555","10:00～24:00","無し","35.89792811 140.6444633"
"id_shop_1b6ebd593f4d866d4be2ca8abb94c710","1b6ebd593f4d866d4be2ca8abb94c710","ユーズランド大河原店","柴田郡大河原町字小島2-1フォルテ2F","","0224-51-1237","","","38.065153 140.737021"
"id_shop_1d1355ffd1edb3421f2026be77b4de64","1d1355ffd1edb3421f2026be77b4de64","京都寺町 a-cho","京都市中京区東大文字町302A-breakビル2-3F","阪急京都線「河原町駅」下車徒歩3分","075-251-2323","10:00～24:00","無し",""
"id_shop_1dd261f008bd65dee075a14c60a4af4a","1dd261f008bd65dee075a14c60a4af4a","ゲームゾーン各務原店","各務原市鵜沼各務原町5-286-1","各務原インター21号を東に10分","058-264-3130","","無し","35.40406044 136.9147395"
"id_shop_1e143a0590e8aa3b5c962e5126aa4946","1e143a0590e8aa3b5c962e5126aa4946","ゲーム ダ･カーポ","君津市外箕輪92","国道127号線内箕輪運動公園館山方面車で1分","0120-010-267","9:30～24:00","無し",""
"id_shop_227568f95509829e54e8808f34f6013f","227568f95509829e54e8808f34f6013f","アレックス","宇部市西宇部南3-5-53","","0836-39-3587","9:00～24:00","","33.999394 131.220089"
"id_shop_22dc28d6357036e1b9c63f49aec6d3f8","22dc28d6357036e1b9c63f49aec6d3f8","シャトーEX","大阪市都島区東野田町3-9-3","JR/京阪京橋駅徒歩1分","06-6882-4801","7:00～24:00","無し","34.69804475 135.5337005"
"id_shop_29599c71020dc09ff3429c7eac13b9f5","29599c71020dc09ff3429c7eac13b9f5","ラウンドワン浜松店","浜松市東区天王町諏訪1981-17","浜松ICより約15分イオン浜松市野ショッピングセンター南","053-461-1101","10:00～24:00/土9:00～24:00/日・祝8:00～24:00","無し",""
"id_shop_2dbda0efb0bd10d7a710d1f03062a8a9","2dbda0efb0bd10d7a710d1f03062a8a9","ラウンドワン市川鬼高店","市川市鬼高4-1-3","県道283号「市川インター北側」交差点すぐ","047-320-3801","10:00～24:00","無し","35.711239 139.927465"
"id_shop_2e9723c84e127338f93661ec8d04c6e9","2e9723c84e127338f93661ec8d04c6e9","アミパラテクノランド","岡山市北区大和町1-7-12","法界院駅から徒歩10分","086-225-3377","10:00～24:00","","34.679221 133.927419"
"id_shop_2f2447095ad9e3643e29a5b65e5df589","2f2447095ad9e3643e29a5b65e5df589","楽市楽座イオンモール大和郡山店","大和郡山市下三橋741イオンモール大和郡山内3F","イオンモール大和郡山店内3F","0743-58-5660","10:00～21:00","無し","34.6510396 135.8022702"
"id_shop_318a188355a94d66dc86040934f382a4","318a188355a94d66dc86040934f382a4","スタジオプリモ水戸店","水戸市宮町1-2-4マイム1F","","070-6983-6155","","","36.371502 140.477417"
"id_shop_31ed4986f52df2a1a79055e3af90a06b","31ed4986f52df2a1a79055e3af90a06b","ラウンドワン加古川店","加古川市尾上町安田字小河原325番6号","明姫幹線沿い「安田交差点」すぐ","0794-29-2513","平日10:00?23:50、土日祝6:00～23:50","無し",""
"id_shop_3546266b03fbd3aaa85e992b60878369","3546266b03fbd3aaa85e992b60878369","柏駅前ヤングボウル","柏市柏1-3-1ドン･キホーテ5F","柏駅南口より徒歩2分 ドン・キホーテ5階","047-164-2117","9:00～翌3:00","無し","35.860487 139.971394"
"id_shop_369e8115e729a701580eba21cfb970d7","369e8115e729a701580eba21cfb970d7","スペ-スシャトル塩釜口店","名古屋市天白区塩釜口2-414","地下鉄名城線塩釜口駅前","052-833-4561","9:00～24:00","無し","35.13461553 136.9786798"
"id_shop_36ade331dafb09fe736ae9ac6e74a2d0","36ade331dafb09fe736ae9ac6e74a2d0","ユーズランド倉敷店","倉敷市水江1イオン倉敷ショッピングセンター2F","イオン倉敷SC2F倉敷駅北口1番乗場よりバスで10分山陽自動車道倉敷ICより約7分","086-430-5234","10:00～22:00","無し","34.60290341 133.7454258"
"id_shop_370cc7107d989e2f061a032f64ee5869","370cc7107d989e2f061a032f64ee5869","ゲームサファリ大山","板橋区大山東町60-10パチンコやすだ2F","東武東上線大山駅徒歩1分","03-5248-4743","10:00～24:00","無し",""
"id_shop_392ff63e272e0674dd5d7424b97905c8","392ff63e272e0674dd5d7424b97905c8","ユーズランド春日部店","春日部市下柳420-1イオンモール春日部2F 2037","庄和インターそば","048-745-2501","施設の営業時間に準じる","施設の営業日に準じる","35.987895 139.788478"
"id_shop_3ec41bbd9bd8e6e455fb34ba6f7430d3","3ec41bbd9bd8e6e455fb34ba6f7430d3","ラウンドワン守口店","守口市佐太東町2-6-14ジャガーグリーン2F","旧1号沿い中央環状線「大日」交差点東へ車で1分","06-6907-9270","平日10:00?23:50、土日祝6:00～23:50","無し","34.7562488 135.5886793"
"id_shop_4239056cc44c43fd631159e17878c578","4239056cc44c43fd631159e17878c578","AMジャムジャムひたちなか本店新館","ひたちなか市田中後40-2","北関東自動車道 ひたちなかインターから車で約5分","029-263-7615","10:00～24:00","無し","36.34746899 140.5800737"
"id_shop_43bb115b69e26f45a1e3572d46d37640","43bb115b69e26f45a1e3572d46d37640","佐原ミナミボウル","香取市佐原イ4200","","0478-54-6160","","","35.90115035 140.493442"
"id_shop_440fa6f9bba5bba1eaa984372c30bcbc","440fa6f9bba5bba1eaa984372c30bcbc","ラウンドワン鹿児島宇宿店","鹿児島市宇宿2-2-2","産業道路沿い、南港南口交差点 宇宿(うすき)","099-284-0655","10:00～24:00/土9:00～24:00/日・祝8:00～24:00","無し","31.54388304 130.5427759"
"id_shop_44c1b8c1e87aa3577d22569e9fe66389","44c1b8c1e87aa3577d22569e9fe66389","ゲームアイビス太子店","揖保郡太子町太田2148-1","姫路バイパス太子ランプより相生方面へ車で5分","0792-77-2320","10:00～24:00","無し",""
"id_shop_4567af7fcfdfba71ebf8bf517bde0c0d","4567af7fcfdfba71ebf8bf517bde0c0d","ラウンドワン三宮駅前店","神戸市中央区小野柄通り6丁目1-17","JR/阪急/阪神「三宮駅」下車徒歩5分","078-252-7200","10:00～24:00/土・日・祝9:00～24:00","無し",""
"id_shop_45dcb92699d6f9d2a4a22a3a3153e21d","45dcb92699d6f9d2a4a22a3a3153e21d","G-palaあべの","大阪市阿倍野区阿倍野筋3-10-1あべのベルタ2F","阿倍野交差点近く","06-6648-6626","10:00～24:00","無し","34.6426363 135.5113991"
"id_shop_4849b02f89f69504e072941c1aa5dd5b","4849b02f89f69504e072941c1aa5dd5b","スーパーノバイオン仙台中山","仙台市泉区南中山1-35-57イオン仙台中山店別館3F","","022-347-3139","","","38.299061 140.828497"
"id_shop_5033a41c922cebdcc5d47f234f7ba005","5033a41c922cebdcc5d47f234f7ba005","アミューズメントパークMGキスケ店","松山市宮田町4キスケボール1F内ゲームコーナー","JR松山駅より徒歩3分","089-933-2737","10:00～24:00 日祝のみ8:00から","無し","33.84135404 132.753158"
"id_shop_513bc083677a54d369d2393b42dac9ad","513bc083677a54d369d2393b42dac9ad","東京レジャーランド秋葉原店","千代田区外神田1-9-5","JR秋葉原駅徒歩5分","03-5298-1360","10:00～25:00","無し","35.69887947 139.7701404"
"id_shop_54694780f3b5bc644fc3f08b4dbdddda","54694780f3b5bc644fc3f08b4dbdddda","大田原スポーツランド","那須塩原市一区町104-60","大田原ゴルフセンター入口付近(パチンコニラク前)","0287-36-7137","10:00～翌2:00","無し","36.85195131 139.9934495"
"id_shop_5586f5a287be7c30026c3a7f48a7cd21","5586f5a287be7c30026c3a7f48a7cd21","キングジョイ","名古屋市中区栄3-3-32","地下鉄栄駅徒歩3分","052-241-9515","9:00～24:00","無し","35.16797694 136.9050444"
"id_shop_566394a0dc546c0d25f223d9d41f43b4","566394a0dc546c0d25f223d9d41f43b4","楽市楽座303佐賀大和店","佐賀市大和町尼寺2965","佐賀大和ICより車で5分","0952-62-8606","10:00～24:00","無し","33.30153597 130.2808759"
"id_shop_5847a054e6d99b3865846eea56feb72c","5847a054e6d99b3865846eea56feb72c","ゲームゾーントレジャー新庄店","新庄市金沢沖1068ゼスト新庄店","新庄駅東口すぐそば","0233-22-9991","8:00～翌3:00","無し",""
"id_shop_58b4d5272efebcef2bfe6db23d780d94","58b4d5272efebcef2bfe6db23d780d94","スーパーノバ福島","福島市黒岩字中島7-2","高速福島西ICより車で15分。国道4号線を右折し「黒岩」交差点手前左側。","024-544-0280","10:00～24:00","無し","37.72777476 140.4671878"
"id_shop_5b14aa6594c8482e363447c3571ec77c","5b14aa6594c8482e363447c3571ec77c","アミューズメントCUE大和高田","大和高田市東中2-11-16","国道166号線東宝交差点そば","0745-25-3335","10:00～24:00","無し",""
"id_shop_5c0ebcbdea4539f37d2e190b43ef47ba","5c0ebcbdea4539f37d2e190b43ef47ba","ユーズランド高崎店","高崎市棟高町1400-イオン高崎SC2F","","027-310-9113","10:00～23:00","","36.39047889 139.0067302"
"id_shop_5d9b2dbb066aa7075b9370cdaf146a04","5d9b2dbb066aa7075b9370cdaf146a04","アミューズメントスペースコミ丸アリババ大垣店","大垣市池尻町940-1","関が原バイパス沿い","050-3575-0530","10:00～24:00","無し","35.38404596 136.5956139"
"id_shop_5da62880b3323e1740c6f45614fee0b1","5da62880b3323e1740c6f45614fee0b1","ADXマミー岡崎店","岡崎市井田新町6-1","","0564-83-6262","","","34.9770122 137.1611744"
"id_shop_5dc4184d46167256064393d9128d283f","5dc4184d46167256064393d9128d283f","関大前フタバボウル","吹田市千里山東1-7-18","阪急関大前駅下車徒歩5分","06-6338-3068","10:00～24:00/日・祝:9:00～24:00","無し","34.77288114 135.5062328"
"id_shop_5e5cc6b64b6ca8c3166b20e1f698c98b","5e5cc6b64b6ca8c3166b20e1f698c98b","イスカンダル木更津店","木更津市潮見4-1-2","木更津市役所より車で1分","0120-010-267","10:00～24:00","無し","35.36956684 139.9172944"
"id_shop_601b01a42a7d0ac056a5963ec86d003a","601b01a42a7d0ac056a5963ec86d003a","タイトーステーション広島紙屋町","広島市中区紙屋町2-2-21","広島電鉄 紙屋町西電停より徒歩2分","082-544-3961","平日10:00～24:00 土日祝9:00～24:00","無し","34.394034 132.456154"
"id_shop_61ab9402ef3b52689fcfcbc2bcf04976","61ab9402ef3b52689fcfcbc2bcf04976","ゲームコーナー東部","仙台市若林区六丁の目中町26-60","六丁目の交差点より多賀城方面へ向かい車で5分。産業通り沿い。","022-287-5880","9:00～24:00","無し","38.25101621 140.9438974"
"id_shop_644e25cc61054b5533773b06004c40bb","644e25cc61054b5533773b06004c40bb","バイパスレジャーランド加賀店","加賀市箱宮町ヲ1-1","国道8号線加賀産業道路終点近く","0761-74-8007","一部24時間営業","無し","36.32515503 136.4113746"
"id_shop_64c72ea059cf68d6ad3ec118709c3a91","64c72ea059cf68d6ad3ec118709c3a91","ゲームゾーントレジャー吉原店","山形市前明石1352-5","ジャスコ山形南店側","023-646-9336","10:00～24:00","無し",""
"id_shop_675284c3ffd1b400d8bd183b63067f4f","675284c3ffd1b400d8bd183b63067f4f","アミューズビバ","ひたちなか市東大島2-11-111Fゲームコーナー","勝田駅東口より北へ1km","029-274-7311","","","36.40636031 140.5317325"
"id_shop_67b6c33a2dd41ed4aea310685c059554","67b6c33a2dd41ed4aea310685c059554","ラウンドワン熊本店","熊本市西区春日7-25-15","県道28号線沿い 田崎市場方面平成けやき通りより新蓮台寺地下道をくぐり、西廻りバイパスを右折、田崎市場方面","096-325-7200","月9:00～23:50 火～金10:00～23:50、土日祝6:00～23:50","無し","32.78499883 130.6775647"
"id_shop_68e31355a4b6578ade5b47789878c8cd","68e31355a4b6578ade5b47789878c8cd","嶺宝スポーツセンター","いわき市小名浜住吉字折返2-2","6号バイパス住吉交差点横","0246-58-8093","11:00～23:00","火曜日","36.97400283 140.8903913"
"id_shop_6913d63fdb0cd9a53df2086f78e81584","6913d63fdb0cd9a53df2086f78e81584","ラウンドワン広島店","広島市中区立町3-11","ひろしま国際ホテルとなり","082-545-8910","月9:00～23:50、火～金10:00～23:50 土日祝6:00～23:50","無し","34.39365895 132.4600423"
"id_shop_6f570f9aa2b4baa7243dbbebb27f8052","6f570f9aa2b4baa7243dbbebb27f8052","GiGO綱島","横浜市港北区綱島西2-6-29城田ビル3F","","045-547-1199","","","35.5364623 139.6324113"
"id_shop_7af4d276e14a32e889a4d7c2cf28e968","7af4d276e14a32e889a4d7c2cf28e968","ラウンドワン池袋店","豊島区東池袋1-14-1池袋スクエア","","03-5928-0221","10:00～翌0:50","無し","35.730175 139.714846"
"id_shop_7c3a7521e934e6f98cf29573ca83e552","7c3a7521e934e6f98cf29573ca83e552","アミパラ佐世保","佐世保市大塔町18-15","JR大塔駅徒歩3分","0956-34-8880","10:00～24:00","無し","33.15005741 129.7804145"
"id_shop_7ea4d3c4f456d31915a55bd9a442af5f","7ea4d3c4f456d31915a55bd9a442af5f","ラウンドワン奈良ミナーラ店","奈良市二条大路南1-3-1ミ･ナーラ5F","","0742-32-3900","","","34.685231 135.802224"
"id_shop_7eb6129332f31ff53018925a48343476","7eb6129332f31ff53018925a48343476","モンテカルロ深谷店","深谷市西島3-1-2スカイハイツ","","048-574-3804","","","36.1919957 139.278317"
"id_shop_80d6eb561700b822c19cd65ed3ba9392","80d6eb561700b822c19cd65ed3ba9392","ユーズランド三光店","中津市三光佐知1032イオン三光SC2F","","0979-43-6562","","","33.559002 131.192857"
"id_shop_81549cfc1ecfb13812d976ed577d454b","81549cfc1ecfb13812d976ed577d454b","ラウンドワン福岡天神店","福岡市中央区天神2-6-12","岩田屋本館向かい","092-720-8101","6:00～深夜0:50","無し","33.58921038 130.3970847"
"id_shop_818902a2b5381048708e16b4a9b92326","818902a2b5381048708e16b4a9b92326","チャットタウン北上店","北上市北鬼柳19地割71パルショッピングセンター2F","","0197-65-3929","","","39.2931265 141.0916951"
"id_shop_831001cdff140b5a1b270db7fef79413","831001cdff140b5a1b270db7fef79413","バイパスレジャーランド藤江本館","金沢市藤江南2-41","国道8号線沿い藤江交差点近く","076-268-3798","一部24時間営業","無し","36.58397239 136.621523"
"id_shop_83404df7a5cfec5ae1d23dc26d4dbb4f","83404df7a5cfec5ae1d23dc26d4dbb4f","ゲームスポットSPEED","周南市久米3219","","0834-36-2828","9:00～24:00","無し","34.03259888 131.8374238"
"id_shop_858e4036185bee459f63371a3992b8db","858e4036185bee459f63371a3992b8db","アミューズメント ミール","三田市対中町5-21","神戸電鉄三田本町駅下車国道176号線側へ徒歩5分。車の場合はガリバー三田店より176号を三田方面へ、ブックプラザ三田店の向かい。","0795-64-5678","10:00～24:00","無し","34.88047252 135.2295927"
"id_shop_86858cd9cbb83eecd6b5d045294778db","86858cd9cbb83eecd6b5d045294778db","アピナ四日市店","四日市市泊小柳町4-34","","059-349-5011","","",""
"id_shop_86f91213c70d358abbf8bd04dc64a41a","86f91213c70d358abbf8bd04dc64a41a","ゲームゾーンR 一宮店","一宮市更屋敷字門60 1F","","0586-52-3388","","",""
"id_shop_874719677a4d433259d033e7f2de26c7","874719677a4d433259d033e7f2de26c7","GAME BANK","仙台市泉区大沢2-5-4","東北自動車道 泉インター直ぐ","022-776-5677","9:00～24:00","無し","38.352801 140.877385"
"id_shop_874b47ed9bdcf25b0f43e0b5b7647328","874b47ed9bdcf25b0f43e0b5b7647328","ラウンドワンみえ川越IC店","三重郡川越町大字南福崎851-1","伊勢湾岸道みえ・川越IC出口すぐ","059-361-2130","10:00～24:00/土9:00～24:00/日・祝8:00～24:00","無し",""
"id_shop_8bca737af6c3cb0eeff2a69403329f86","8bca737af6c3cb0eeff2a69403329f86","ラウンドワン旭川店","旭川市永山3条1-4-7","国道39号 永山3条1丁目","0166-49-5071","10:00～24:00/土9:00～24:00/日・祝8:00～24:00","無し",""
"id_shop_8c09c605bda689dedac21dce0e00093a","8c09c605bda689dedac21dce0e00093a","上越レジャーランボウル","上越市下門前薬島827-2","国道8号線沿い高岡市内関川大橋そば","0255-31-2030","一部24時間営業","無し","37.16405087 138.2489336"
"id_shop_8c2520931196d58074f4abcad9e444aa","8c2520931196d58074f4abcad9e444aa","G-pala小倉","北九州市小倉南区上葛原1-14-1","","093-953-7405","","","33.8396628 130.9100721"
"id_shop_8f8498df7ce389566fcb8d1af8b42a55","8f8498df7ce389566fcb8d1af8b42a55","ラウンドワン大宮店","さいたま市大宮区宮町4-90-7","JR「大宮駅」下車徒歩10分","048-658-5666","10:00～23:50、[土日祝]6:00～23:50","無し","35.91078012 139.6254963"
"id_shop_90264d8dbf8ecd7144d6091b856e641e","90264d8dbf8ecd7144d6091b856e641e","オートパーラーやすぎ","安来市西荒島町33","JR荒島駅徒歩15分国道9号線沿い","0854-28-8502","10:00～23:45","無し","35.43243772 133.1914366"
"id_shop_922499a19abda9935ebc5ecfb675dcc6","922499a19abda9935ebc5ecfb675dcc6","ラウンドワン高知店","高知市南宝永町4-12","土佐電鉄「宝永町」駅より徒歩約5分","088-804-3070","10:00～24:00","無し","33.55791 133.554343"
"id_shop_938bca91830cbd09b52f318ed42baae6","938bca91830cbd09b52f318ed42baae6","ラウンドワン山梨･石和店","笛吹市石和町広瀬737-1","国道20号線広瀬東交差点すぐ","055-261-9501","10:00～24:00","無し","35.643609 138.622752"
"id_shop_93a259da63b1a9b6a81a0da4e8c3fdc3","93a259da63b1a9b6a81a0da4e8c3fdc3","楽市街道 箱崎店3F","福岡市東区箱崎5-1-8楽市楽座003内","3号線沿い九州大学そば","092-642-0761","10:00～24:00","無し","33.62410817 130.4195897"
"id_shop_94d9b072e95d1117e7e9c90521dbfff2","94d9b072e95d1117e7e9c90521dbfff2","ラウンドワン町田店","町田市森野1-13-14","JR/小田急「町田駅」下車徒歩1分","042-710-0091","10:00～翌0:50","無し","35.54409488 139.4432407"
"id_shop_953b03524cf111a0991559548f56824e","953b03524cf111a0991559548f56824e","ビリヤードウェアハウス草加店","草加市稲荷2-36-33","草加産業道路沿いウェアハウス草加店隣り","048-930-5033","10:00～24:00","無し","35.83027597 139.8209349"
"id_shop_95b62970f67eee8a5827ca5162031651","95b62970f67eee8a5827ca5162031651","アミューズメントCUE奈良三条店","奈良市三条町478-1","JR奈良駅から三条通りを東へすぐ","0742-25-5115","10:00～24:00","無し","34.68177805 135.8221257"
"id_shop_95e0d8e3c8ca522c3ef889ac36996da1","95e0d8e3c8ca522c3ef889ac36996da1","ゲームディーノ彦根店","彦根市西沼波町166","名神高速彦根IC下車車10分","0749-21-0073","10:00～24:00","無し","35.25868777 136.2653241"
"id_shop_9754f793b818f1d6817538d4ad7d527c","9754f793b818f1d6817538d4ad7d527c","タイトーFステーションセントポルタ大分店","大分市中央町2-1-1","","097-533-2716","","","33.235334 131.606448"
"id_shop_97cf7dc588e999329356240dca58fff9","97cf7dc588e999329356240dca58fff9","Dino茨木店","茨木市永代町5ソシオビルB1F 110","阪急電鉄茨木駅徒歩1分","072-648-5222","9:00～24:00","無し","34.81751016 135.5756907"
"id_shop_99ec26adbe6b3516118b355a91d7d644","99ec26adbe6b3516118b355a91d7d644","ラウンドワン静岡･駿河店","静岡市駿河区向手越1-10-1","静岡駅より国道1号「常盤2」を右折、本通りを左折安倍川橋を渡り1Km","054-201-1601","10:00～24:00","無し","34.950991 138.360524"
"id_shop_9eb59489b42e780fdefd4bd26f460a92","9eb59489b42e780fdefd4bd26f460a92","ラウンドワン松山店","松山市東長戸1-3-10","伊予鉄バス「東長戸」停留所下車、北へ50m、最初の交差点左折後350m直進 国道196号線交差点(ローソン有)を更に左折後350m","089-911-5511","10:00～24:00","無し","33.8664873 132.751593"
"id_shop_9fd8499b24994304ddb7795751e0bc86","9fd8499b24994304ddb7795751e0bc86","トヤマレジャーランド呉羽店","富山市高木字貝塚2054","県道44号線沿い呉羽本町交差点を富山方面方向に車で3分","076-434-5336","一部24時間営業","無し","36.71545083 137.1579046"
"id_shop_a0ee78b2d8d8b182dcd364492f1409a4","a0ee78b2d8d8b182dcd364492f1409a4","ラッキーバッティングドーム","八千代市大和田新田1088","東葉高速鉄道八千代緑が丘駅徒歩10分","047-458-8208","9:00～23:50","無し",""
"id_shop_a11f22960dadba53baea04806c767419","a11f22960dadba53baea04806c767419","最後の5$","糟屋郡粕屋町大字仲原2706","国道3号線博多バイパスを空港口交差点から北へ5分ほど。","092-612-8080","一部24時間営業","無し","33.60912782 130.4382837"
"id_shop_a653d257079fbce7e8d6596e1bbc4e5a","a653d257079fbce7e8d6596e1bbc4e5a","ラウンドワン札幌すすきの店","札幌市中央区南五条西3-6-1札幌東宝公楽ビル","札幌市営地下鉄「すすきの駅」「豊水すすきの駅」より徒歩約2分","011-520-1022","6:00～23:50","無し","43.05431311 141.3540587"
"id_shop_a818f61d5e3f929629a6c47b2307bdb1","a818f61d5e3f929629a6c47b2307bdb1","ゲームファクトリーマグマ","草加市氷川町2125-1","東武伊勢崎線草加駅徒歩1分","0489-24-9800","～24:00","無し","35.82819969 139.8024875"
"id_shop_ac142ee4b9d7535e03da86a08da22ad1","ac142ee4b9d7535e03da86a08da22ad1","アミューズメントクラブ浦和","さいたま市浦和区仲町1-10-7","浦和駅西口徒歩8分","048-814-0200","10:00～23:45","無し","35.86027333 139.6535096"
"id_shop_aeaa922ee3ec46fa3ecabecf4b47d2bc","aeaa922ee3ec46fa3ecabecf4b47d2bc","アミパラ松山","松山市生石町655-1","JR松山駅から南西1km 国道196号線沿い","089-913-5533","10:00～24:00","無し","33.833875 132.744981"
"id_shop_b0b39de4dbd80621f193a172955b5c37","b0b39de4dbd80621f193a172955b5c37","ラウンドワンさいたま･鴻巣店","鴻巣市箕田3163-7","国道17号「箕田」交差点東","048-595-2001","10:00～24:00","無し","36.08064011 139.4902201"
"id_shop_b61565520299919f01b71b7f8cddd278","b61565520299919f01b71b7f8cddd278","ラウンドワン横浜駅西口店","横浜市西区南幸2-8-16","横浜駅西口より、パルナードを200m、ビブレ南側","045-412-0880","8:00～23:50、土日祝6:00～23:50","無し","35.46393717 139.6180549"
"id_shop_b6cbb9268ef4ef779cbc59bd16d61a3b","b6cbb9268ef4ef779cbc59bd16d61a3b","ラウンドワン豊橋店","豊橋市大岩町字岩田27-2","","0532-65-2212","10:00～23:50 土日祝9:00～23:50","JR「二川駅」より徒歩約10分","34.7239242 137.4323261"
"id_shop_b83456d708c4830eaba66358a59f3ded","b83456d708c4830eaba66358a59f3ded","ディノスパーク苫小牧","苫小牧市柳町3-1-20イオンモール苫小牧2F","JR苫小牧駅よりバス20分","0144-52-1212","ゲームコーナー9:00～24:00 / メダルコーナー9:00～23:30","無し","42.65619751 141.6419704"
"id_shop_bb4c0ca44484a547cd8c3ea4f6a3f3b6","bb4c0ca44484a547cd8c3ea4f6a3f3b6","泉大津フタバボウル","泉大津市松之浜町1-2-53","南海本線松ノ浜駅下車徒歩5分","0725-22-8128","10:00～翌3:00","無し","34.5109011 135.4157314"
"id_shop_bc1325c969920458a92ddc905d6abb6f","bc1325c969920458a92ddc905d6abb6f","楽市楽座イオンモール伊都","福岡市西区北原1-3-1イオン伊都ショッピンクセンター別館","JR筑肥線 九大学研都市駅 南口すぐ","092-805-8900","10:00～22:00","施設の営業日に準じる","33.577027 130.256399"
"id_shop_c3687d6e584cc254ef960ae3eb49155f","c3687d6e584cc254ef960ae3eb49155f","コミック広場甲西店","湖南市三雲234","三雲ドライブイン内","0748-72-7848","一部24時間","無し","34.987785 136.109743"
"id_shop_c388acfa26cdbdc0438f7e2934f28376","c388acfa26cdbdc0438f7e2934f28376","フォルム武蔵境","武蔵野市境南町2-7-20","","0422-33-5577","","","35.700716 139.542994"
"id_shop_c522a52cbaf30606407bbe64ed87a6b0","c522a52cbaf30606407bbe64ed87a6b0","ラウンドワン入間店","入間市小谷田3-7-25","西武池袋線入間市駅 下車","042-960-1521","10:00～24:00/土9:00～24:00/日・祝8:00～24:00","無し","35.82812299 139.3755366"
"id_shop_c6a67fb6d2fd275c0e7060a09344964f","c6a67fb6d2fd275c0e7060a09344964f","スーパーノバ天童","天童市南町1-5-26","JR「天童駅」より車で10分。国道13号線を南下し国道沿い左側。","023-656-9370","10:00～24:00","無し","38.34302924 140.3739732"
"id_shop_c84c06f18d1cd7b8f9bd95ecc17d1ea2","c84c06f18d1cd7b8f9bd95ecc17d1ea2","楽市楽座022名古屋店1階","北名古屋市中之郷字神明45-1楽市街道名古屋店内","22号線バイパス沿い","0568-27-2622","10:00～24:00","無し","35.23957843 136.848742"
"id_shop_cceec975725732596acc966dad2a0ead","cceec975725732596acc966dad2a0ead","トライセン中津店","中津市下池永67-3","","0979-85-0688","10:00～24:00","無し","33.59001125 131.2115305"
"id_shop_cd09b9e9460785557be8e87852306235","cd09b9e9460785557be8e87852306235","GiGO相模大野","相模原市南区相模大野3-13-2フレスコビル2F","","042-741-8195","","","35.532177 139.436075"
"id_shop_d3d3f4a0338bc018bba942f1f49ef0b8","d3d3f4a0338bc018bba942f1f49ef0b8","ゲームサファリ池袋","豊島区東池袋1-42-3やすだ東池袋ビル2F","JR山手線池袋駅東口徒歩4分(ビックカメラ本店裏)","03-3981-2544","10:00～24:00","無し","35.73224113 139.7133267"
"id_shop_d442d328b9e211312da1c8873f2b1aaa","d442d328b9e211312da1c8873f2b1aaa","トップラン","神戸市西区岩岡町古郷1474-1","第二神明道路大久保ICから車で5分","078-969-2700","10:00～24:00","無し","34.717655 134.928895"
"id_shop_d54c0a36b8da3a586d892fcdb640ecc9","d54c0a36b8da3a586d892fcdb640ecc9","リッチモンド","八代市旭中央通20-3","八代ICより車で10分","0965-32-6589","10:00～24:00","無し","32.50414509 130.6076357"
"id_shop_d5c7b961162830a661a670711109d48e","d5c7b961162830a661a670711109d48e","ラッキー中央店(フェリシダ)","千葉市中央区富士見2-8-1","JR千葉駅より徒歩5分","043-222-5610","9:00～24:50","無し",""
"id_shop_d6c3552b0b4fc0968bfeaf0be2dd65ca","d6c3552b0b4fc0968bfeaf0be2dd65ca","ユーズランド東浦","知多郡東浦町大字緒川字旭13-2イオンモール東浦2F","イオン東浦SC2FJR緒川駅より徒歩5分知多半島道路東浦知多ICより約4km","0562-82-2782","10:00～23:00","無し",""
"id_shop_d8e76ce0023e0618a16c6dddef77cfef","d8e76ce0023e0618a16c6dddef77cfef","MAXIM HERO","札幌市北区北6条西6-1-1","","011-219-2855","","",""
"id_shop_d9781d1e3819d9ab817de8afa9c39580","d9781d1e3819d9ab817de8afa9c39580","群馬レジャーランド高崎駅東口店","高崎市江木町333-1高崎EXビル2F","JR高崎駅東口徒歩10分","027-330-3002","一部24時間営業","無し","36.32992086 139.0128661"
"id_shop_dc2d248ebb8f944c7a671fb971881ad0","dc2d248ebb8f944c7a671fb971881ad0","AMジャムジャムつくば店","つくば市竹園1-9-2デイズタウンつくばB1F","つくば駅徒歩5分デイズタウンつくばB1F","029-863-3760","10:00～24:00","無休","36.07768145 140.1153322"
"id_shop_dd4b51a741de24f4e83188f103be6820","dd4b51a741de24f4e83188f103be6820","ラッキー佐倉店","佐倉市井野1475","京成線勝田台駅下車徒歩10分 国道296号沿い","043-460-5165","10:00～23:45","無し","35.71839979 140.1362206"
"id_shop_de7fa2b13f64b22b25c03225814b0b8a","de7fa2b13f64b22b25c03225814b0b8a","THE 3RDプラネットBivi沼津店","沼津市大手町1-1-5","JR沼津駅徒歩5分","055-926-7739","10:00～24:00","無し","35.10266451 138.8598883"
"id_shop_de967e1a41eac5fe2fdab8175c2c02be","de967e1a41eac5fe2fdab8175c2c02be","ラウンドワン札幌北21条店","札幌市東区北21条東1-1-21","[市営地下鉄南北線 北24条駅] 南北線北24条駅2番出口より北24条通り東へ430m。創成川通り(石狩街道)を東へ470m  徒歩約15分","011-733-8801","10:00～24:00/土9:00～24:00/日・祝8:00～24:00","無し","43.08681907 141.3495671"
"id_shop_dec347a5f49955c15190755bbd08e289","dec347a5f49955c15190755bbd08e289","ジョイランド中原店","川崎市中原区上小田中6-19-6","JR南武線「武蔵中原」駅 徒歩1分","044-799-1941","10:00～24:00","無し","35.5801515 139.642204"
"id_shop_df9ba4be42cf2849d7ec70bfac406fa1","df9ba4be42cf2849d7ec70bfac406fa1","アピナ松本","松本市双葉19-10","国道19号線沿い、イトーヨーカドーそば","0263-24-1133","10:00～24:00","無し","36.21052692 137.9610526"
"id_shop_e06e9edc1602137ff21f5eefc06991f3","e06e9edc1602137ff21f5eefc06991f3","ファンタジスタ","倉敷市新倉敷駅前5-194","JR西日本山陽本線「新倉敷」駅から南西に徒歩10分","086-526-0438","12:00～24:00","店舗にお問合わせください","34.5583269 133.6767549"
"id_shop_e25f655b3725cd9f6ba6f5b889a77278","e25f655b3725cd9f6ba6f5b889a77278","ゲームガリバー柏","柏市柏1-1-11 B1F","JR柏駅東口マルイ地下1階","04-7164-9818","9:30～23:00","無し","35.86153036 139.970926"
"id_shop_e2802a592a42a4422c8a59f12c382809","e2802a592a42a4422c8a59f12c382809","アピナ長岡店","長岡市堺東町22","国道8号線長岡バイパス堺交差点近く","0258-22-5510","10:00～24:00","無し","37.45794202 138.8125194"
"id_shop_e3fe90a25ff5c803bb52f61adb10f9e7","e3fe90a25ff5c803bb52f61adb10f9e7","スタジオプリモ本八幡店","市川市八幡2-15-10パティオ本八幡5F","","047-711-3534","","",""
"id_shop_e4984eec134e802ed24341c3380d5f29","e4984eec134e802ed24341c3380d5f29","ユーズランド和歌山","和歌山市中字楠谷573イオンモール和歌山2F","","073-452-1668","","","34.275743 135.149066"
"id_shop_e4b017b7cb233fcb1b965b5c8dfe6ba9","e4b017b7cb233fcb1b965b5c8dfe6ba9","ポート24浜松店","浜松市西区坪井町4183","東名高速浜松西ICから車で15分","053-440-5588","10:00～24:00","無休",""
"id_shop_e6b1c87f7494aef42a1b738b7213b637","e6b1c87f7494aef42a1b738b7213b637","ラウンドワンわらび店","蕨市北町5-1-6","中仙道「北町4」交差点すぐ","048-447-8080","10:00～23:50、土日祝8:00～23:50","無し","35.83078787 139.6742521"
"id_shop_e7bbdef90ce6cb628154ca063040e0d8","e7bbdef90ce6cb628154ca063040e0d8","FASボウリングセンター","唐津市栄町2581-1","国道204号線沿い、栄町東バス停より徒歩1分","0955-73-7311","10:00～翌1:00/土・休前日10:00～翌2:00","無し","33.44607081 129.979335"
"id_shop_e8dd1338e8870eeda2e816f2c09f1d2f","e8dd1338e8870eeda2e816f2c09f1d2f","アミパラここじゃ","東広島市西条町下見6-10-19山手電気内","広島大学前の交差点より西へすぐ。山手電気内","0824-24-4747","10:00～24:00","無し",""
"id_shop_ead702b8e2d766dcda19ff6508fb3ecd","ead702b8e2d766dcda19ff6508fb3ecd","ラウンドワン沖縄･宜野湾店","宜野湾市真志喜3-28-8","宜野湾バイパスコンベンションセンター前","098-870-2110","10:00～23:50 土日祝6:00?23:50","無し",""
"id_shop_ec43b0c0de737557b7abf33195232498","ec43b0c0de737557b7abf33195232498","ファンタジアン精華","岐阜市鏡島精華2-2-1","岐阜県庁から北に5分","058-253-8020","10:00～24:00","無し","35.41148606 136.7265479"
"id_shop_f3a184b4bd0bafdced109009aff6ae67","f3a184b4bd0bafdced109009aff6ae67","楽市楽座行橋店","行橋市西泉6-1-1コスタ行橋アミューズ棟2F","","0930-25-3450","10:00～24:00","","33.717125 130.971633"
"id_shop_fa2c434efa57beee6ed5c9797ba783bf","fa2c434efa57beee6ed5c9797ba783bf","ゲームファンタジアン岡崎店","岡崎市錦町2-4","国道248号線沿い、愛知環状線北岡崎駅から徒歩3分","0564-66-0505","9:00～24:00","無し","34.97365547 137.1600268"
"id_shop_fc8e4fed87db52c94781d7ce23460325","fc8e4fed87db52c94781d7ce23460325","スターフィールド","長岡市新組町2003-1","国道8号線 ホンダカーズ長岡東店 道路正面","0258-24-0208","一部24時間","無し","37.49720354 138.8731158"
"id_shop_fd233da102e8ecfb472370e0b5edd462","fd233da102e8ecfb472370e0b5edd462","スーパーノバ仙台利府","宮城郡利府町加瀬字新前谷地55-1","三陸自動車道 利府中IC下車利府バイパス沿い車で5分","022-352-1399","10:00～24:00","無し","38.32801132 140.9756135"
